,ndc,mat,generic_name
0,005913220,0,"Butalbital, Acetaminophen, Caffeine, and Codeine Phosphate"
1,005550381,0,Meperidine Hydrochloride
2,005550392,0,Meperidine Hydrochloride
3,005740294,0,hydromorphone hydrochloride
4,005740295,0,hydromorphone hydrochloride
5,005740293,0,hydromorphone hydrochloride
6,005740297,0,hydromorphone hydrochloride
7,005747110,0,MORPHINE SULFATE
8,005747112,0,MORPHINE SULFATE
9,005747114,0,MORPHINE SULFATE
10,005747116,0,MORPHINE SULFATE
11,005747224,0,HYDROMORPHONE HYDROCHLORIDE
12,797396094,0,"Butalbital, Aspirin, Cafeine, and Codeine Phosphate"
13,797396670,0,"Butalbital, Acetaminophen, Caffeine, and Codeine Phosphate"
14,797397028,0,"Butalbital, Acetaminophen, Caffeine, and Codeine Phosphate"
15,005910395,0,Pentazocine hydrochloride and naloxone hydrochloride
16,005912641,0,"Butalbital, Acetaminophen, Caffeine, and Codeine Phosphate"
17,005912693,0,oxycodone hydrochloride
18,005912708,0,oxycodone hydrochloride
19,000543090,1,Butorphanol Tartrate
20,725720170,0,Fentanyl Citrate
21,725720171,0,Fentanyl Citrate
22,725720172,0,Fentanyl Citrate
23,725720440,0,Morphine Sulfate
24,725720450,0,Nalxone Hydrochloride
25,004092552,0,HYDROMORPHONE HYDROCHLORIDE
26,004092634,0,Hydromorphone Hydrochloride
27,004093459,0,HYDROMORPHONE HYDROCHLORIDE
28,004093365,0,HYDROMORPHONE HYDROCHLORIDE
29,004093382,0,SUFENTANIL CITRATE
30,004093814,0,Morphine Sulfate
31,004093815,0,Morphine Sulfate
32,728530051,0,naloxone hydrochloride
33,728650109,0,Hydrocodone Bitartrate and Acetaminophen
34,728650110,0,Hydrocodone Bitartrate and Acetaminophen
35,728650111,0,Hydrocodone Bitartrate and Acetaminophen
36,728650112,0,Hydrocodone Bitartrate and Acetaminophen
37,728650113,0,Oxycodone and Acetaminophen
38,728650114,0,Oxycodone and Acetaminophen
39,728650115,0,Oxycodone and Acetaminophen
40,728650116,0,Oxycodone and Acetaminophen
41,728650120,1,Methadone Hydrochloride
42,728650128,0,Oxycodone Hydrochloride
43,728650129,0,Oxycodone Hydrochloride
44,728650130,0,OXYMORPHONE HYDROCHLORIDE
45,728650131,0,OXYMORPHONE HYDROCHLORIDE
46,728650121,1,Methadone Hydrochloride
47,728870681,0,oxycodone and acetaminophen tablets
48,728870683,0,oxycodone and acetaminophen tablets
49,728880007,0,Tramadol Hydrochloride
50,728880008,0,Tramadol Hydrochloride
51,728870193,0,oxycodone and acetaminophen
52,728870648,0,oxycodone hydrochloride and acetaminophen
53,000543545,0,Meperidine Hydrochloride
54,005913546,0,"Butalbital, Aspirin, Caffeine and Codeine Phosphate"
55,000543553,1,Methadone Hydrochloride
56,000543555,1,Methadone Hydrochloride
57,000543556,1,Methadone Hydrochloride
58,004099093,0,FENTANYL CITRATE
59,004099094,0,FENTANYL CITRATE
60,004099094,0,fentanyl citrate
61,000544218,1,METHADONE HYDROCHLORIDE
62,000544219,1,METHADONE HYDROCHLORIDE
63,004721030,0,hydrocodone bitartrate and homatropine methylbromide
64,000544538,1,Methadone Hydrochloride
65,000544570,1,METHADONE HYDROCHLORIDE
66,000544571,1,METHADONE HYDROCHLORIDE
67,000544595,0,Meperidine Hydrochloride
68,000544596,0,Meperidine Hydrochloride
69,000548554,1,METHADONE HYDROCHLORIDE
70,000548553,1,METHADONE HYDROCHLORIDE
71,000548595,0,Meperidine Hydrochloride
72,005170725,1,Buprenorphine Hydrochloride
73,760450004,0,Morphine Sulfate
74,760450004,0,Morphine Sulfate
75,760450005,0,Morphine Sulfate
76,760450005,0,Morphine Sulfate
77,760450006,0,Morphine Sulfate
78,760450006,0,Morphine Sulfate
79,760450007,0,Morphine Sulfate
80,760450007,0,Morphine Sulfate
81,760450008,0,Morphine Sulfate
82,760450008,0,Morphine Sulfate
83,760450009,0,Hydromorphone hydrochloride
84,760450009,0,Hydromorphone hydrochloride
85,760450010,0,Hydromorphone hydrochloride
86,760450010,0,Hydromorphone hydrochloride
87,760450121,0,Hydromorphone hydrochloride
88,005271312,0,"Butalbital, Aspirin, Caffeine and Codeine Phosphate"
89,763291469,0,Naloxone Hydrochloride
90,763291911,0,Morphine Sulfate
91,763293369,0,Naloxone Hydrochloride
92,763293469,0,Naloxone Hydrochloride
93,005271353,0,Hydromorphone Hydrochloride
94,005271354,0,Hydromorphone Hydrochloride
95,005271355,0,Hydromorphone Hydrochloride
96,005271651,0,Hydrocodone Bitartrate and Acetaminophen
97,005271669,0,Oxycodone and Acetaminophen
98,005271671,0,Oxycodone and Acetaminophen
99,005271698,0,Codeine Sulfate
100,005271699,0,Codeine Sulfate
101,764200127,0,TRAMADOL HYDROCHLORIDE
102,005271649,0,Hydrocodone Bitartrate and Acetaminophen
103,005271646,0,Hydrocodone Bitartrate and Acetaminophen
104,005271647,0,Hydrocodone Bitartrate and Acetaminophen
105,005271648,0,Hydrocodone Bitartrate and Acetaminophen
106,005271650,0,Hydrocodone Bitartrate and Acetaminophen
107,005271774,0,Oxycodone Hydrochloride
108,005271873,0,Hydromorphone Hydrochloride
109,005273236,0,Levorphanol Tartrate
110,001151558,0,OXYCODONE HYDROCHLORIDE
111,001151556,0,OXYCODONE HYDROCHLORIDE
112,001151557,0,OXYCODONE HYDROCHLORIDE
113,001151559,0,OXYCODONE HYDROCHLORIDE
114,001151560,0,OXYCODONE HYDROCHLORIDE
115,001151561,0,OXYCODONE HYDROCHLORIDE
116,001151562,0,OXYCODONE HYDROCHLORIDE
117,236350408,0,Hydromorphone Hydrochloride
118,236350412,0,Hydromorphone Hydrochloride
119,236350416,0,Hydromorphone Hydrochloride
120,236350432,0,Hydromorphone Hydrochloride
121,236350580,0,oxycodone hydrochloride
122,236350581,0,oxycodone hydrochloride
123,236350582,0,oxycodone hydrochloride
124,240900681,0,oxycodone and acetaminophen
125,240900682,0,oxycodone and acetaminophen
126,240900683,0,oxycodone and acetaminophen
127,245100130,0,OXYCODONE
128,245100050,0,tapentadol hydrochloride
129,245100058,0,tapentadol hydrochloride
130,245100075,0,tapentadol hydrochloride
131,245100100,0,tapentadol hydrochloride
132,245100110,0,OXYCODONE
133,245100115,0,OXYCODONE
134,245100116,0,tapentadol hydrochloride
135,245100120,0,OXYCODONE
136,245100140,0,OXYCODONE
137,245100174,0,tapentadol hydrochloride
138,245100232,0,tapentadol hydrochloride
139,245100291,0,tapentadol hydrochloride
140,278080114,0,Hydrocodone Bitartrate and Acetaminophen
141,278080115,0,Hydrocodone Bitartrate and Acetaminophen
142,278080116,0,Hydrocodone Bitartrate and Acetaminophen
143,278080035,0,Hydrocodone Bitartrate and Acetaminophen
144,278080036,0,Hydrocodone Bitartrate and Acetaminophen
145,278080037,0,Hydrocodone Bitartrate and Acetaminophen
146,278080065,0,Promethazine Hydrochloride and Codeine Phosphate
147,278080082,0,Morphine Sulfate
148,278080084,0,Morphine Sulfate
149,278080086,0,Hydrocodone Polistirex and Chlorpheniramine Polistirex
150,293000355,0,Tramadol Hydrochloride
151,306980335,0,Meperidine Hydrochloride
152,306980337,0,Meperidine Hydrochloride
153,317220191,0,Oxycodone and Acetaminophen
154,317220192,0,Oxycodone and Acetaminophen
155,317220193,0,Oxycodone and Acetaminophen
156,317220194,0,Oxycodone and Acetaminophen
157,333420201,0,Tramadol Hydrochloride
158,333420202,0,Tramadol Hydrochloride and Acetaminophen
159,317220929,0,OXYMORPHONE HYDROCHLORIDE
160,317220917,0,Oxycodone Hydrochloride
161,317220918,0,Oxycodone Hydrochloride
162,317220930,0,OXYMORPHONE HYDROCHLORIDE
163,317220940,0,Hydrocodone Bitartrate and Acetaminophen
164,317220941,0,Hydrocodone Bitartrate and Acetaminophen
165,317220942,0,Hydrocodone Bitartrate and Acetaminophen
166,317220943,0,Hydrocodone Bitartrate and Acetaminophen
167,317220946,1,Methadone Hydrochloride
168,317220947,1,Methadone Hydrochloride
169,317220948,0,Oxycodone and Acetaminophen
170,317220949,0,Oxycodone and Acetaminophen
171,317220950,0,Oxycodone and Acetaminophen
172,317220951,0,Oxycodone and Acetaminophen
173,353560632,0,FENTANYL
174,353560062,0,fentanyl
175,353560790,0,TRAMADOL HYDROCHLORIDE
176,353560815,0,Hydromorphone Hydrochloride
177,353560816,0,Hydromorphone Hydrochloride
178,353560833,0,morphine sulfate
179,353560834,1,METHADONE HYDROCHLORIDE
180,353560835,1,METHADONE HYDROCHLORIDE
181,353560836,0,morphine sulfate
182,353560838,0,Morphine Sulfate
183,353560839,0,Oxycodone Hydchloride
184,353560967,0,Oxymorphone Hydrochloride
185,353560968,0,Oxymorphone Hydrochloride
186,001151479,0,MORPHINE SULFATE
187,001151277,0,MORPHINE SULFATE
188,001151278,0,MORPHINE SULFATE
189,001151279,0,MORPHINE SULFATE
190,001151280,0,MORPHINE SULFATE
191,001151281,0,MORPHINE SULFATE
192,001151282,0,MORPHINE SULFATE
193,006032339,0,acetaminophen and codeine phosphate
194,006032553,0,"Butalbital, Acetaminophen, Caffeine, and Codeine Phosphate"
195,006031585,0,Promethazine Hydrochloride and Codeine Phosphate
196,006032337,0,acetaminophen and codeine phosphate
197,006032338,0,acetaminophen and codeine phosphate
198,006033586,0,hydrocodone bitartrate and ibuprofen
199,006033584,0,hydrocodone bitartrate and ibuprofen
200,006033887,0,Hydrocodone Bitartrate And Acetaminophen
201,006033890,0,Hydrocodone Bitartrate And Acetaminophen
202,006033891,0,Hydrocodone Bitartrate And Acetaminophen
203,006033897,0,hydrocodone bitartrate and ibuprofen
204,006034978,0,Oxycodone hydrochloride and Acetaminophen
205,006034979,0,Oxycodone hydrochloride and Acetaminophen
206,006034982,0,Oxycodone hydrochloride and Acetaminophen
207,006034998,0,Oxycodone hydrochloride and Acetaminophen
208,006158005,0,Tramadol Hydrochloride
209,006158087,0,loperamide hydrochloride
210,006158102,0,Acetaminophen and Codeine Phosphate
211,006416019,0,morphine sulfate
212,006410121,0,Hydromorphone Hydrochloride
213,006412341,0,Hydromorphone Hydrochloride
214,006416110,0,Sufentanil Citrate
215,006416111,0,Sufentanil Citrate
216,006416112,0,Sufentanil Citrate
217,006416024,0,Fentanyl Citrate
218,006416020,0,morphine sulfate
219,006416025,0,Fentanyl Citrate
220,006416026,0,Fentanyl Citrate
221,006416027,0,Fentanyl Citrate
222,006416028,0,Fentanyl Citrate
223,006416029,0,Fentanyl Citrate
224,006416030,0,Fentanyl Citrate
225,006416039,0,morphine sulfate
226,006416040,0,morphine sulfate
227,006416052,0,MEPERIDINE HYDROCHLORIDE
228,006416053,0,MEPERIDINE HYDROCHLORIDE
229,006416054,0,MEPERIDINE HYDROCHLORIDE
230,006416127,0,Morphine Sulfate
231,006416125,0,Morphine Sulfate
232,006416126,0,Morphine Sulfate
233,006416132,0,Nalxone Hydrochloride
234,006416151,0,Hydromorphone Hydrochloride
235,007030110,0,HYDROMORPHONE HYDROCHLORIDE
236,007030113,0,HYDROMORPHONE HYDROCHLORIDE
237,007030018,0,HYDROMORPHONE HYDROCHLORIDE
238,007226094,0,"Butalbital, Aspirin, Cafeine, and Codeine Phosphate"
239,007226670,0,"Butalbital, Acetaminophen, Caffeine, and Codeine Phosphate"
240,007227028,0,"Butalbital, Acetaminophen, Caffeine, and Codeine Phosphate"
241,007817227,1,"buprenorphine hydrochloride, naloxone hydrochloride"
242,007817238,1,"buprenorphine hydrochloride, naloxone hydrochloride"
243,007817216,1,"buprenorphine hydrochloride, naloxone hydrochloride"
244,007817249,1,"buprenorphine hydrochloride, naloxone hydrochloride"
245,008320228,0,Morphine Sulfate
246,008320225,0,Morphine Sulfate
247,008320226,0,Morphine Sulfate
248,008320227,0,Morphine Sulfate
249,008320229,0,Morphine Sulfate
250,008320230,0,Morphine Sulfate
251,008320233,0,Morphine Sulfate
252,008320273,0,morphine sulfate
253,008320274,0,morphine sulfate
254,400320810,0,Hydrocodone Bitartrate and Homatropine Methylbromide
255,400320358,0,Hydrocodone Bitartrate and Acetaminophen
256,400320540,0,Morphine Sulfate
257,400320541,0,Morphine Sulfate
258,400320542,0,Morphine Sulfate
259,400320543,0,Morphine Sulfate
260,400320544,0,Morphine Sulfate
261,400320118,0,Hydrocodone Bitartrate and Homatropine Methylbromide
262,400320351,0,Hydrocodone Bitartrate and Acetaminophen
263,400320352,0,Hydrocodone Bitartrate and Acetaminophen
264,400320353,0,Hydrocodone Bitartrate and Acetaminophen
265,400320356,0,Hydrocodone Bitartrate and Acetaminophen
266,400320357,0,Hydrocodone Bitartrate and Acetaminophen
267,009046444,0,Oxycodone Hydrochloride
268,009046445,0,Oxycodone Hydrochloride
269,009046365,0,TRAMADOL HYDROCHLORIDE
270,009046420,0,Hydrocodone Bitartrate and Acetaminophen
271,009046421,0,Hydrocodone Bitartrate and Acetaminophen
272,009046437,0,Oxycodone hydrochloride and Acetaminophen
273,009046438,0,Oxycodone hydrochloride and Acetaminophen
274,009046439,0,Oxycodone hydrochloride and Acetaminophen
275,009046678,0,Oxycodone Hydrochloride
276,009046559,0,Morphine Sulfate
277,009046557,0,Morphine Sulfate
278,009046558,0,Morphine Sulfate
279,009046560,0,Morphine Sulfate
280,009046530,1,Methadone Hydrochloride
281,009046591,0,Oxycodone Hydrochloride
282,009046743,0,Oxycodone Hydrochloride
283,009046824,0,Hydrocodone Bitartrate and Acetaminophen
284,009046825,0,Hydrocodone Bitartrate and Acetaminophen
285,009046826,0,Hydrocodone Bitartrate and Acetaminophen
286,009046828,0,Oxycodone Hydrochloride
287,009046966,0,Oxycodone
288,009047036,0,NALTREXONE HYDROCHLORIDE
289,103700221,0,tramadol hydrochloride
290,103700222,0,Tramadol Hydrochloride
291,103700223,0,Tramadol Hydrochloride
292,107020008,0,OXYCODONE HYDROCHLORIDE
293,107020009,0,OXYCODONE HYDROCHLORIDE
294,107020171,0,oxycodone hydrochloride
295,107020150,0,hydrocodone bitartrate and homatropine methylbromide oral solution
296,107020018,0,OXYCODONE HYDROCHLORIDE
297,107020183,0,Oxycodone Hydrochloride
298,107020023,0,Oxycodone Hydrochloride
299,107020055,0,Hydrocodone Bitartrate and Homatropine Methylbromide
300,107020056,0,OXYCODONE HYDROCHLORIDE
301,107020057,0,OXYCODONE HYDROCHLORIDE
302,107020070,0,Oxymorphone Hydrochloride
303,107020071,0,Oxymorphone Hydrochloride
304,107020184,0,Oxycodone and Acetaminophen
305,107020185,0,Oxycodone and Acetaminophen
306,107020186,0,Oxycodone and Acetaminophen
307,107020187,0,Oxycodone and Acetaminophen
308,107020189,0,Hydrocodone Bitartrate and Acetaminophen
309,107020190,0,Hydrocodone Bitartrate and Acetaminophen
310,107020191,0,Hydrocodone Bitartrate and Acetaminophen
311,107020192,0,Hydrocodone Bitartrate and Acetaminophen
312,107020193,0,Hydrocodone Bitartrate and Acetaminophen
313,107020194,0,Hydrocodone Bitartrate and Acetaminophen
314,107020238,0,oxycodone and acetaminophen
315,107020801,0,OXYCODONE HCl
316,107020803,0,OXYCODONE HCl
317,107020805,0,OXYCODONE HCl
318,124960100,1,buprenorphine
319,124960300,1,buprenorphine
320,124960757,1,buprenorphine hydrochloride
321,124961202,1,"buprenorphine hydrochloride, naloxone hydrochloride"
322,124961204,1,"buprenorphine hydrochloride, naloxone hydrochloride"
323,124961208,1,"buprenorphine hydrochloride, naloxone hydrochloride"
324,124961212,1,"buprenorphine hydrochloride, naloxone hydrochloride"
325,126340260,0,hydrocodone bitartrate and acetaminophen
326,126340907,0,promethazine hydrochloride and codeine phosphate
327,131070020,0,Hydrocodone Bitartrate and Acetaminophen
328,131070004,0,Hydrocodone Bitartrate and Ibuprofen
329,131070019,0,Hydrocodone Bitartrate and Acetaminophen
330,131070021,0,Hydrocodone Bitartrate and Acetaminophen
331,131070211,0,Hydrocodone Bitartrate and Acetaminophen
332,131070212,0,Hydrocodone Bitartrate and Acetaminophen
333,131070213,0,Hydrocodone Bitartrate and Acetaminophen
334,131070261,0,Oxycodone Hydrochloride Oral Solution
335,131070262,0,Oxycodone Hydrochloride Oral Solution
336,131070043,0,Oxycodone and Acetaminophen
337,131070044,0,Oxycodone and Acetaminophen
338,131070045,0,Oxycodone and Acetaminophen
339,131070046,0,Oxycodone and Acetaminophen
340,131070055,0,Oxycodone Hydrochloride
341,131070056,0,Oxycodone Hydrochloride
342,131070057,0,Oxycodone Hydrochloride
343,131070058,0,Acetaminophen and Codeine Phosphate
344,131070059,0,Acetaminophen and Codeine Phosphate
345,131070060,0,Acetaminophen and Codeine Phosphate
346,131070088,1,Methadone Hydrochloride
347,131070089,1,Methadone Hydrochloride
348,131070103,0,Oxymorphone Hydrochloride
349,131070104,0,Oxymorphone Hydrochloride
350,131070107,0,HYDROMORPHONE HYDROCHLORIDE
351,131070108,0,HYDROMORPHONE HYDROCHLORIDE
352,131070109,0,HYDROMORPHONE HYDROCHLORIDE
353,138110689,0,tramadol hydrochloride
354,138110690,0,tramadol hydrochloride
355,138110691,0,tramadol hydrochloride
356,138110701,0,Hydromorphone Hydrochloride
357,138110702,0,Hydromorphone Hydrochloride
358,138110703,0,Hydromorphone Hydrochloride
359,138110704,0,Hydromorphone Hydrochloride
360,000930050,0,Acetaminophen and Codeine Phosphate
361,139130009,0,fentanyl citrate
362,139130010,0,fentanyl citrate
363,139130013,0,fentanyl citrate
364,136680577,0,HYDROCODONE BITARTRATE AND HOMATROPINE METHYLBROMIDE
365,000930150,0,Acetaminophen and Codeine Phosphate
366,000930058,0,Tramadol Hydrochloride
367,000930311,0,Loperamide Hydrochloride
368,000930350,0,Acetaminophen and Codeine Phosphate
369,000933656,1,Buprenorphine
370,000933657,1,Buprenorphine
371,000933658,1,Buprenorphine
372,000933659,1,Buprenorphine
373,167290081,0,Naltrexone Hydrochloride
374,174780540,0,Hydromorphone Hydrochloride
375,174780380,1,Methadone Hydrochloride
376,174780450,0,Hydrocodone Bitartrate and Acetaminophen
377,174780841,0,Alfentanil Hydrochloride
378,174780030,0,FENTANYL CITRATE
379,174780031,0,FENTANYL CITRATE
380,174780041,0,Naloxone Hydrochloride
381,174780042,0,Naloxone Hydrochloride
382,174780050,0,Sufentanil Citrate
383,174780067,0,Alfentanil Hydrochloride
384,204820001,0,fentanyl
385,204820002,0,fentanyl
386,204820004,0,fentanyl
387,204820006,0,fentanyl
388,204820008,0,fentanyl
389,204820012,0,fentanyl
390,204820016,0,fentanyl
391,178560065,0,Promethazine Hydrochloride and Codeine Phosphate
392,178560079,0,Acetaminophen and Codeine Phosphate
393,178560087,0,Hydrocodone Polistirex and Chlorpheniramine Polistirex
394,178560526,1,methadone hydrochloride
395,178560527,1,methadone hydrochloride
396,178560392,1,Methadone Hydrochloride
397,178560403,0,Morphine Sulfate
398,178560406,0,Morphine Sulfate
399,178563556,1,Methadone Hydrochloride
400,178563554,1,Methadone Hydrochloride
401,178563555,1,Methadone Hydrochloride
402,178560605,0,promethazine hydrochloride and codeine phosphate
403,178560694,1,Methadone Hydrochloride
404,178560920,0,Oxycodone Hydrochloride
405,178561170,0,Morphine Sulfate
406,000935734,0,Oxycodone Hydrochloride
407,000935731,0,Oxycodone Hydrochloride
408,000935732,0,Oxycodone Hydrochloride
409,000935733,0,Oxycodone Hydrochloride
410,000937866,0,Fentanyl Citrate
411,000937865,0,Fentanyl Citrate
412,000937867,0,Fentanyl Citrate
413,000937868,0,Fentanyl Citrate
414,000937869,0,Fentanyl Citrate
415,000937870,0,Fentanyl Citrate
416,551545585,0,loperamide hydrochloride
417,551545656,0,Tramadol Hydrochloride
418,551547553,0,acetaminophen and codeine phosphate
419,525440082,0,"Butalbital, Acetaminophen, Caffeine, and Codeine Phosphate"
420,525840058,0,NALOXONE HYDROCHLORIDE
421,525840292,0,naloxone hydrochloride
422,525840369,0,naloxone hydrochloride
423,525840463,0,Nalbuphine Hydrochloride
424,525840978,0,naloxone hydrochloride
425,525840782,0,Naloxone Hydrochloride
426,526050010,0,Tramadol Hydrochloride
427,528170195,0,Tramadol Hydrochloride
428,528170196,0,Tramadol Hydrochloride
429,537460109,0,Hydrocodone Bitartrate and Acetaminophen
430,537460110,0,Hydrocodone Bitartrate and Acetaminophen
431,537460116,0,Hydrocodone Bitartrate and Ibuprofen
432,537460117,0,Hydrocodone Bitartrate and Ibuprofen
433,537460617,0,Tramadol Hydrochloride and Acetaminophen
434,537460145,0,Hydrocodone Bitartrate and Ibuprofen
435,537460146,0,Hydrocodone Bitartrate and Ibuprofen
436,537460203,0,Oxycodone and Acetaminophen
437,537460204,0,Oxycodone and Acetaminophen
438,541230114,1,buprenorphine hydrochloride and naloxone hydrochloride
439,541230907,1,buprenorphine hydrochloride and naloxone hydrochloride
440,541230914,1,buprenorphine hydrochloride and naloxone hydrochloride
441,541230929,1,buprenorphine hydrochloride and naloxone hydrochloride
442,541230957,1,buprenorphine hydrochloride and naloxone hydrochloride
443,541230986,1,buprenorphine hydrochloride and naloxone hydrochloride
444,551544699,0,Loperamide Hydrochloride
445,551500327,0,Naloxone Hydrochloride
446,551500328,0,NALOXONE HYDROCHLORIDE
447,001210504,0,ACETAMINOPHEN and CODEINE PHOSPHATE
448,001210772,0,HYDROCODONE BITARTRATE and ACETAMINOPHEN
449,001210826,0,OXYCODONE HYDROCHLORIDE
450,001210825,0,MORPHINE SULFATE
451,001210827,0,OXYCODONE HYDROCHLORIDE
452,001210904,0,Morphine Sulfate
453,001210928,0,Promethazine Hydrochloride and Codeine Phosphate
454,001211542,0,HYDROCODONE BITARTRATE and ACETAMINOPHEN
455,001211544,0,HYDROCODONE BITARTRATE and ACETAMINOPHEN
456,421950840,0,"Acetaminophen, Caffeine, Dihydrocodeine Bitartrate"
457,421920612,0,Hydrocodone Bitartrate and Chlorpheniramine Maleate
458,001212316,0,HYDROCODONE BITARTRATE and ACETAMINOPHEN
459,001212313,0,HYDROCODONE BITARTRATE and ACETAMINOPHEN
460,001214772,0,HYDROCODONE BITARTRATE and ACETAMINOPHEN
461,001214839,0,Oxycodone Hydrochloride
462,001214811,0,Hydrocodone Bitartrate and Homatropine Methylbromide
463,001214827,0,OXYCODONE HYDROCHLORIDE
464,420230179,1,Buprenorphine Hydrochloride
465,422910832,0,Tramadol Hydrochloride and Acetaminophen
466,422910332,0,Hydrocodone Bitartrate and Acetaminophen
467,422910334,0,Hydrocodone Bitartrate and Acetaminophen
468,422910632,0,Naltrexone Hydrochloride
469,423580100,0,fentanyl citrate
470,423580102,0,Levorphanol Tartrate
471,423580103,0,Levorphanol Tartrate
472,423580200,0,fentanyl citrate
473,425710119,0,TRAMADOL HYDROCHLORIDE AND ACETAMINOPHEN
474,428060050,0,Meperidine Hydrochloride
475,428060051,0,Meperidine Hydrochloride
476,428060330,0,Oxymorphone Hydrochloride
477,428060331,0,Oxymorphone Hydrochloride
478,428060111,0,Hydrocodone Bitartrate and Acetaminophen
479,428060112,0,Hydrocodone Bitartrate and Acetaminophen
480,428060113,0,Hydrocodone Bitartrate and Acetaminophen
481,428060114,0,Oxycodone and Acetaminophen
482,428060115,0,Oxycodone and Acetaminophen
483,428060116,0,Oxycodone and Acetaminophen
484,428060317,1,Methadone Hydrochloride
485,428060318,1,Methadone Hydrochloride
486,427080074,0,Loperamide Hydrochloride
487,427990217,0,Morphine
488,428060005,0,Oxycodone Hydrochloride
489,428060006,0,Oxycodone Hydrochloride
490,428060007,0,Oxycodone Hydrochloride
491,428060008,0,Oxycodone Hydrochloride
492,428060009,0,Oxycodone Hydrochloride
493,428580203,0,Hydrocodone Bitartrate and Acetaminophen
494,428580234,0,hydromorphone hydrochloride
495,428580238,0,HYDROCODONE BITARTRATE and ACETAMINOPHEN
496,428580301,0,Hydromorphone Hydrochloride
497,428580302,0,Hydromorphone Hydrochloride
498,428580303,0,Hydromorphone Hydrochloride
499,428580304,0,Hydromorphone Hydrochloride
500,428580001,0,Oxycodone Hydrochloride
501,428580002,0,Oxycodone Hydrochloride
502,428580003,0,Oxycodone Hydrochloride
503,428580004,0,Oxycodone Hydrochloride
504,428580005,0,Oxycodone Hydrochloride
505,428580010,0,oxycodone hydrochloride
506,428580040,0,HYDROCODONE BITARTRATE and ACETAMINOPHEN
507,428580102,0,Oxycodone and Acetaminophen
508,428580103,0,Oxycodone and Acetaminophen
509,428580104,0,Oxycodone and Acetaminophen
510,428580122,0,hydromorphone hydrochloride
511,428580139,0,HYDROCODONE BITARTRATE and ACETAMINOPHEN
512,428580201,0,Hydrocodone Bitartrate and Acetaminophen
513,428580202,0,Hydrocodone Bitartrate and Acetaminophen
514,428580338,0,hydromorphone hydrochloride
515,428580353,1,Buprenorphine
516,428580416,0,hydromorphone hydrochloride
517,428580493,1,Buprenorphine
518,428580501,1,BUPRENORPHINE
519,428580502,1,BUPRENORPHINE
520,428580515,0,morphine sulfate
521,428580586,1,Buprenorphine
522,428580601,1,Buprenorphine and Naloxone
523,428580602,1,Buprenorphine and Naloxone
524,428580631,0,morphine sulfate
525,428580750,1,Buprenorphine
526,428580760,0,morphine sulfate
527,428580799,0,morphine sulfate
528,428580801,0,Morphine Sulfate
529,428580802,0,Morphine Sulfate
530,428580803,0,Morphine Sulfate
531,428580804,0,Morphine Sulfate
532,428580805,0,Morphine Sulfate
533,428580810,0,Morphine Sulfate
534,428580811,0,Morphine Sulfate
535,428580812,0,Morphine Sulfate
536,428580839,1,Buprenorphine
537,428580900,0,morphine sulfate
538,430630020,0,Loperamide Hydrochloride
539,430630772,0,naltrexone hydrochloride and bupropion hydrochloride
540,001439246,1,Buprenorphine Hydrochloride
541,433530010,0,Acetaminophen and Codeine
542,433860118,0,Hydrocodone Bitartrate and Homatropine Methylbromide
543,433860351,0,Hydrocodone Bitartrate and Acetaminophen
544,433860352,0,Hydrocodone Bitartrate and Acetaminophen
545,433860353,0,Hydrocodone Bitartrate and Acetaminophen
546,433860356,0,Hydrocodone Bitartrate and Acetaminophen
547,433860357,0,Hydrocodone Bitartrate and Acetaminophen
548,433860358,0,Hydrocodone Bitartrate and Acetaminophen
549,433860430,0,Oxycodone Hydrochloride
550,433860431,0,Oxycodone Hydrochloride
551,433860432,0,Oxycodone Hydrochloride
552,433860433,0,Oxycodone Hydrochloride
553,433860434,0,Oxycodone Hydrochloride
554,433860490,0,Oxycodone and Acetaminophen
555,433860491,0,Oxycodone and Acetaminophen
556,433860492,0,Oxycodone and Acetaminophen
557,433860493,0,Oxycodone and Acetaminophen
558,433860540,0,Morphine Sulfate
559,433860541,0,Morphine Sulfate
560,433860542,0,Morphine Sulfate
561,433860543,0,Morphine Sulfate
562,433860544,0,Morphine Sulfate
563,433860680,0,pentazocine hydrochloride and naloxone hydrochloride
564,433860920,0,Oxycodone Hydrochloride
565,435470373,0,Hydrocodone Bitartrate and Acetaminophen
566,435980546,0,oxycodone and acetaminophen
567,435980547,0,oxycodone and acetaminophen
568,435980579,1,Buprenorphine and Naloxone
569,435980580,1,Buprenorphine and Naloxone
570,435980581,1,Buprenorphine and Naloxone
571,435980582,1,Buprenorphine and Naloxone
572,435980750,0,Naloxone Hydrochloride
573,001439864,1,Butorphanol Tartrate
574,001439867,1,Butorphanol Tartrate
575,458650876,0,TRAMADOL HYDROCHLORIDE
576,458650900,0,TRAMADOL HYDROCHLORIDE
577,458650969,0,TRAMADOL HYDROCHLORIDE
578,458650976,0,TRAMADOL HYDROCHLORIDE
579,458650439,0,Acetaminophen and Codeine Phosphate
580,458650709,0,Tramadol Hydrochloride
581,458650466,0,Acetaminophen and Codeine Phosphate
582,458650469,0,Tramadol Hydrochloride and Acetaminophen
583,458650605,0,Hydrocodone Bitartrate And Acetaminophen
584,466720192,0,hydrocodone bitartrate and acetaminophen
585,466720147,0,hydrocodone bitartrate and acetaminophen
586,466720166,0,hydrocodone bitartrate and acetaminophen
587,466720193,0,oxycodone and acetaminophen
588,466720036,0,hydrocodone bitartrate and acetaminophen
589,466720092,0,hydrocodone bitartrate and acetaminophen
590,466720194,0,oxycodone and acetaminophen
591,466720195,0,oxycodone and acetaminophen
592,466720196,0,oxycodone and acetaminophen
593,466720561,0,acetaminophen and codeine phosphate
594,466720642,0,hydrocodone bitartrate and acetaminophen
595,466720645,0,hydrocodone bitartrate and acetaminophen
596,466720648,0,oxycodone hydrochloride and acetaminophen
597,466720829,0,meperidine hydrochloride
598,466720830,0,meperidine hydrochloride
599,466720831,0,meperidine hydrochloride
600,466720832,0,meperidine hydrochloride
601,473350531,0,TRAMADOL HYDROCHLORIDE
602,473350533,0,TRAMADOL HYDROCHLORIDE
603,473350537,0,TRAMADOL HYDROCHLORIDE
604,473350326,0,NALTREXONE HYDROCHLORIDE
605,473350859,0,TRAMADOL HYDROCHLORIDE
606,473350860,0,TRAMADOL HYDROCHLORIDE
607,473350861,0,TRAMADOL HYDROCHLORIDE
608,484330200,0,morphine sulfate
609,484330347,0,Oxycodone Hydrochloride
610,477810196,0,Oxycodone and Acetaminophen
611,477810229,0,Oxycodone and Acetaminophen
612,477810230,0,Oxycodone and Acetaminophen
613,477810263,0,Oxycodone hydrochloride
614,477810264,0,Oxycodone hydrochloride
615,477810265,0,Oxycodone hydrochloride
616,477810355,1,Buprenorphine and Naloxone
617,477810356,1,Buprenorphine and Naloxone
618,477810357,1,Buprenorphine and Naloxone
619,477810358,1,Buprenorphine and Naloxone
620,477810409,0,Hydrocodone Bitartrate
621,477810410,0,Hydrocodone Bitartrate
622,477810411,0,Hydrocodone Bitartrate
623,477810412,0,Hydrocodone Bitartrate
624,477810413,0,Hydrocodone Bitartrate
625,477810414,0,Hydrocodone Bitartrate
626,477810423,0,Fentanyl
627,477810424,0,Fentanyl
628,477810426,0,Fentanyl
629,477810427,0,Fentanyl
630,477810428,0,Fentanyl
631,552890315,0,Loperamide Hydrochloride
632,001870108,0,hydrocodone polistirex and chlorpheniramine polistirex
633,498840136,0,oxycodone hydrochloride
634,498840137,0,oxycodone hydrochloride
635,498840138,0,oxycodone hydrochloride
636,498840197,0,oxycodone hydrochloride
637,498840946,0,tramadol hydrochloride and acetaminophen
638,500900006,0,acetaminophen and codeine phosphate
639,500900215,0,ACETAMINOPHEN and CODEINE PHOSPHATE
640,499990026,0,acetaminophen and codeine phosphate
641,499990060,0,ACETAMINOPHEN AND CODEINE PHOSPHATE
642,499990848,0,Morphine Sulfate
643,499990849,0,Morphine Sulfate
644,499990899,0,Oxycodone Hydchloride
645,500900806,0,tramadol hydrochloride
646,500900919,0,Tramadol Hydrochloride and Acetaminophen
647,500901836,0,NALOXONE HYDROCHLORIDE
648,500901933,0,Acetaminophen and Codeine Phosphate
649,500901935,0,Acetaminophen and Codeine Phosphate
650,500902120,0,Hydrocodone Bitartrate and Acetaminophen
651,500902121,0,Hydrocodone Bitartrate and Acetaminophen
652,500902229,0,Hydrocodone Bitartrate and Acetaminophen
653,500903929,0,NALTREXONE HYDROCHLORIDE
654,500902817,0,Hydrocodone Bitartrate And Acetaminophen
655,500902866,0,Naltrexone Hydrochloride
656,500902945,0,naltrexone hydrochloride and bupropion hydrochloride
657,500903011,0,acetaminophen and codeine phosphate
658,500903705,0,TRAMADOL HYDROCHLORIDE AND ACETAMINOPHEN
659,500904716,0,TRAMADOL HYDROCHLORIDE
660,500904064,0,Hydrocodone Bitartrate and Acetaminophen
661,500904065,0,Hydrocodone Bitartrate and Acetaminophen
662,500904066,0,Hydrocodone Bitartrate and Acetaminophen
663,500904067,0,Hydrocodone Bitartrate and Acetaminophen
664,500904071,0,Hydrocodone Bitartrate and Acetaminophen
665,500904072,0,Hydrocodone Bitartrate and Acetaminophen
666,500904127,0,promethazine hydrochloride and codeine phosphate
667,500904610,0,acetaminophen and codeine phosphate
668,500904925,0,Naltrexone Hydrochloride
669,500905204,0,acetaminophen and codeine phosphate
670,502680644,0,Oxycodone and Acetaminophen
671,502680645,0,Oxycodone and Acetaminophen
672,502680646,0,Oxycodone and Acetaminophen
673,502680144,1,Buprenorphine and Naloxone
674,502680145,1,Buprenorphine and Naloxone
675,502680400,0,Hydrocodone Bitartrate and Acetaminophen
676,502680401,0,Hydrocodone Bitartrate and Acetaminophen
677,502680402,0,Hydrocodone Bitartrate and Acetaminophen
678,502680774,0,Tramadol Hydrochloride and Acetaminophen
679,503830043,0,Hydrocodone Bitartrate and Homatropine Methylbromide
680,503830079,0,Acetaminophen and Codeine Phosphate
681,503830287,1,buprenorphine hydrochloride and naloxone hydrochloride
682,503830294,1,buprenorphine hydrochloride and naloxone hydrochloride
683,503830337,0,Acetaminophen and Codeine Phosphate
684,503830338,0,Acetaminophen and Codeine Phosphate
685,503830339,0,Acetaminophen and Codeine Phosphate
686,503830340,0,Acetaminophen and Codeine Phosphate
687,503830924,1,buprenorphine hydrochloride
688,503830930,1,buprenorphine hydrochloride
689,503830804,0,Promethazine Hydrochloride and Codeine Phosphate
690,503830805,0,"promethazine hydrochloride, phenylephrine hydrochloride and codeine phosphate"
691,503830961,0,Oxycodone Hydrochloride
692,503830964,0,Oxycodone Hydrochloride
693,503830965,0,morphine sulfate
694,504360109,0,Hydrocodone Bitartrate and Acetaminophen
695,504360136,0,Tramadol Hydrochloride
696,504360203,0,Oxycodone and Acetaminophen
697,504360377,0,tramadol hydrochloride
698,504361029,0,Promethazine Hydrochloride and Codeine Phosphate
699,504363227,0,Acetaminophen and Codeine
700,504362171,0,Hydrocodone Bitartrate and Acetaminophen
701,504362605,0,Hydrocodone Bitartrate and Acetaminophen
702,504362612,0,Hydrocodone Bitartrate and Acetaminophen
703,504362982,0,Oxycodone and Acetaminophen
704,504362983,0,Oxycodone and Acetaminophen
705,504363913,0,Oxycodone and Acetaminophen
706,504363918,0,HYDROCODONE BITARTRATE AND ACETAMINOPHEN
707,504580106,0,fentanyl
708,504580101,0,fentanyl
709,504580102,0,fentanyl
710,504580104,0,fentanyl
711,504580105,0,fentanyl
712,504368787,0,Tramadol Hydrochloride
713,504580650,0,tramadol hydrochloride and acetaminophen
714,504580659,0,tramadol hydrochloride
715,504580513,0,acetaminophen and codeine phosphate
716,504580515,0,acetaminophen and codeine phosphate
717,507420256,0,"Carisoprodol, Aspirin and Codeine Phosphate"
718,512240206,0,Naltrexone Hydrochloride
719,512670890,0,naltrexone hydrochloride and bupropion hydrochloride
720,510790161,0,Acetaminophen and Codeine Phosphate
721,510790690,0,loperamide hydrochloride
722,510790991,0,tramadol hydrochloride
723,516550808,0,Acetaminophen and Codeine
724,516550900,0,HYDROCODONE BITARTATE AND ACETAMINOPHEN
725,514070529,0,Oxycodone Hydrochloride
726,514070530,0,Oxycodone Hydrochloride
727,514070531,0,Oxycodone Hydrochloride
728,514070532,0,Oxycodone Hydrochloride
729,514070533,0,Oxycodone Hydrochloride
730,516621238,0,NALOXONE HYDROCHLORIDE
731,516621239,0,NALOXONE HYDROCHLORIDE
732,516621240,0,NARCAN NALOXONE HCI
733,516621242,0,NALOXONE HCI
734,516621385,0,NALOXONE HYDROCHLORIDE
735,516621418,0,NALBUPHINE HCI
736,516621420,0,NALBUPHINE HCI
737,516621426,0,NALOXONE HYDROCHLORIDE
738,516621495,0,EVZIO(R) NALOXONE HCl
739,518620185,0,Morphine Sulfate
740,518620186,0,Morphine Sulfate
741,518620187,0,Morphine Sulfate
742,518620188,0,Morphine Sulfate
743,518620636,0,Fentanyl Citrate
744,518620637,0,Fentanyl Citrate
745,518620638,0,Fentanyl Citrate
746,518620634,0,Fentanyl Citrate
747,518620635,0,Fentanyl Citrate
748,519910073,0,"Butalbital, Acetaminophen, Caffeine and Codeine Phosphate"
749,519910074,0,"Butalbital, Aspirin, Caffeine and Codeine Phosphate"
750,524270698,1,Buprenorphine and Naloxone
751,524270712,1,Buprenorphine and Naloxone
752,524270692,1,Buprenorphine and Naloxone
753,524270694,1,Buprenorphine and Naloxone
754,524400100,1,buprenorphine hydrochloride
755,672961753,0,morphine sulfate
756,672961766,0,tramadol hydrochloride
757,672961772,0,Acetaminophen and Codeine
758,672961773,0,Oxycodone and Acetaminophen
759,672961791,0,Hydrocodone Bitartrate and Acetaminophen
760,672961794,0,Hydrocodone Bitartrate and Acetaminophen
761,672961815,0,Oxycodone and Acetaminophen
762,672960832,0,OXYCODONE HYDROCHLORIDE
763,672961021,0,tramadol hydrochloride
764,672961040,0,oxycodone hydrochloride
765,672961238,0,HYDROCODONE BITARTRATE AND ACETAMINOPHEN
766,672961282,0,HYDROCODONE BITARTRATE AND IBUPROFEN
767,672961301,0,Oxycodone and Acetaminophen
768,672961375,0,Morphine sulfate
769,672961376,0,OXYCODONE HYDROCHLORIDE
770,672961324,0,Oxycodone Hydrochloride
771,672961333,0,Hydrocodone Bitartrate and Acetaminophen
772,672961334,0,Hydrocodone Bitartrate and Acetaminophen
773,672961335,0,Hydrocodone Bitartrate and Acetaminophen
774,672961560,0,Oxycodone Hydrochloride
775,672961561,0,Morphine Sulfate
776,672961377,0,Hydrocodone Bitartrate and Acetaminophen
777,672961392,0,Oxycodone and Acetaminophen
778,672961401,0,Oxycodone and Acetaminophen
779,672961402,0,Tramadol Hydrochloride
780,672961516,0,Acetaminophen and Codeine Phosphate
781,672961522,0,Morphine Sulfate
782,672961531,0,Oxycodone and Acetaminophen
783,672961542,0,HYDROCODONE BITARTRATE AND ACETAMINOPHEN
784,672961571,0,Hydrocodone Bitartrate and Acetaminophen
785,672961642,0,Hydromorphone Hydrochloride
786,672961649,0,TRAMADOL HYDROCHLORIDE
787,672961574,0,Hydrocodone Bitartrate and Acetaminophen
788,672961579,0,Hydrocodone Bitartrate and Acetaminophen
789,672961595,0,Oxycodone Hydrochloride
790,672961618,0,Hydrocodone Bitartrate and Acetaminophen
791,672961623,0,Hydrocodone Bitartrate and Acetaminophen
792,672961624,0,oxycodone and acetaminophen
793,672961631,0,Hydrocodone Bitartrate and Acetaminophen
794,672961655,0,Hydrocodone Bitartrate and Ibuprofen
795,672961695,0,Hydrocodone Bitartrate and Acetaminophen
796,672961705,0,Hydrocodone Bitartrate and Acetaminophen
797,651620115,0,Hydrocodone Bitartrate and Acetaminophen
798,651620033,0,Acetaminophen and Codeine
799,651620047,0,Oxycodone
800,651620048,0,Oxycodone
801,651620049,0,Oxycodone
802,651620050,0,Oxycodone
803,651620051,0,Oxycodone
804,651620207,0,Oxycodone and Acetaminophen
805,651620415,1,Buprenorphine and Naloxone
806,651620416,1,Buprenorphine and Naloxone
807,651620617,0,Tramadol Hydrochloride and Acetaminophen
808,651620627,0,Tramadol Hydrochloride
809,651620675,0,Hydrocodone Bitartrate and Acetaminophen
810,651620694,0,"Promethazine, Phenylephrine, Codeine"
811,651620696,0,Hydrocodone Bitartrate and Acetaminophen
812,652240310,0,Hydrocodone Bitartrate
813,652240315,0,Hydrocodone Bitartrate
814,652240320,0,Hydrocodone Bitartrate
815,652240330,0,Hydrocodone Bitartrate
816,652240340,0,Hydrocodone Bitartrate
817,652240350,0,Hydrocodone Bitartrate
818,652240910,0,Hydrocodone Bitartrate
819,652240915,0,Hydrocodone Bitartrate
820,652240920,0,Hydrocodone Bitartrate
821,652240930,0,Hydrocodone Bitartrate
822,652240940,0,Hydrocodone Bitartrate
823,652240950,0,Hydrocodone Bitartrate
824,655970301,0,morphine sulfate
825,655970302,0,morphine sulfate
826,655970303,0,morphine sulfate
827,655970304,0,morphine sulfate
828,656490150,0,Methylnaltrexone bromide
829,656490551,0,Methylnaltrexone bromide
830,656490552,0,Methylnaltrexone bromide
831,658410754,0,TRAMADOL HYDROCHLORIDE
832,658410758,0,Tramadol Hydrochloride and Acetaminophen
833,658620667,0,Tramadol Hydrochloride
834,658620922,0,Tramadol Hydrochloride and Acetaminophen
835,662670319,0,Hydrocodone Bitartrate and Acetaminophen
836,662670132,0,Loperamide Hydrochloride
837,666890004,0,Hydrocodone Bitartrate and Acetaminophen
838,666890005,0,Hydrocodone Bitartrate and Acetaminophen
839,666890023,0,Hydrocodone Bitartrate and Acetaminophen
840,666890025,0,Oxycodone Hydrochloride
841,666890032,0,Morphine Sulfate
842,666890033,0,Morphine Sulfate
843,662670759,0,Acetaminophen and Codeine
844,666890401,0,Oxycodone Hydrochloride
845,666890403,0,Oxycodone Hydrochloride
846,666890694,1,Methadone Hydrochloride
847,666890695,1,Methadone Hydrochloride
848,666890711,1,Methadone Hydrochloride
849,666890712,1,Methadone Hydrochloride
850,666890810,1,Methadone Hydrochloride
851,666890820,1,Methadone Hydrochloride
852,666890836,1,Methadone
853,666890898,1,Methadone Hydrochloride
854,003101969,0,naloxegol oxalate
855,003101970,0,naloxegol oxalate
856,667940160,0,Morphine Sulfate
857,667940162,0,Morphine Sulfate
858,670460994,1,Buprenorphine
859,670460995,1,Buprenorphine
860,670460996,1,buprenorphine hydrochloride sublingual
861,670460997,1,buprenorphine hydrochloride sublingual
862,670460903,0,Acetaminophen and Codeine Phosphate
863,670460908,0,Acetaminophen and Codeine
864,670460929,0,Acetaminophen and Codeine Phosphate
865,669920840,0,"acetaminophen, caffeine, dihydrocodeine bitartrate"
866,670460456,0,loperamide hydrochloride
867,670460887,0,TRAMADOL HYDROCHLORIDE
868,672960425,0,oxycodone hydrochloride
869,672960065,0,ACETAMINOPHEN AND CODEINE PHOSPHATE
870,672960299,0,Hydrocodone Bitartrate and Acetaminophen
871,672960346,0,Loperamide Hydrochloride
872,672960355,0,OXYCODONE AND ACETAMINOPHEN
873,672960589,0,Hydrocodone Bitartrate And Acetaminophen
874,557000016,0,TRAMADOL HYDROCHLORIDE
875,557000020,0,oxycodone hydrochloride
876,557000029,0,TRAMADOL HYDROCHLORIDE
877,557000124,0,Tramadol Hydrochloride and Acetaminophen
878,557000174,0,OXYCODONE HYDROCHLORIDE
879,557000175,0,OXYCODONE HYDROCHLORIDE
880,557000293,0,Tramadol Hydrochloride
881,557000302,1,Buprenorphine HCl
882,557000412,0,Tramadol hydrochloride
883,557000349,0,Morphine Sulfate
884,557000350,0,Morphine Sulfate
885,557000366,0,Morphine sulfate
886,557000367,0,Morphine sulfate
887,557000383,0,naloxegol oxalate
888,557000552,0,Morphine Sulfate
889,557000555,0,tapentadol hydrochloride
890,557000457,0,naloxone hydrochloride
891,557000496,0,Oxycodone and Acetaminophen
892,557000497,0,Oxycodone and Acetaminophen
893,557000498,0,Oxycodone and Acetaminophen
894,557000509,0,OXYCODONE HYDROCHLORIDE
895,557000811,0,FENTANYL
896,557000824,0,morphine sulfate
897,557000825,0,morphine sulfate
898,557000867,1,buprenorphine hydrochloride
899,557000652,0,Hydrocodone Bitartrate and Acetaminophen
900,557000658,0,oxycodone and acetaminophen
901,557000565,0,tapentadol hydrochloride
902,557000579,1,Buprenorphine
903,557000598,0,Hydrocodone Bitartrate and Acetaminophen
904,557000603,0,Hydrocodone Bitartrate and Acetaminophen
905,557000639,0,hydrocodone bitartrate and ibuprofen
906,557000791,0,OXYCODONE HCl
907,557000792,0,tapentadol hydrochloride
908,557000796,0,tapentadol hydrochloride
909,557000797,0,tapentadol hydrochloride
910,557000748,0,FENTANYL
911,557000749,0,FENTANYL
912,557000753,0,FENTANYL
913,557000771,0,Hydrocodone Bitartrate and Acetaminophen
914,557000772,0,FENTANYL
915,557000781,0,Hydrocodone Bitartrate and Acetaminophen
916,000236012,0,morphine sulfate
917,000236002,0,Hydrocodone Bitartrate and Acetaminophen
918,000236010,0,"Butalbital, Aspirin, Caffeine, and Codeine Phosphate"
919,000236011,0,morphine sulfate
920,000236013,0,morphine sulfate
921,000236014,0,morphine sulfate
922,000236015,0,morphine sulfate
923,000236016,0,morphine sulfate
924,000236021,0,Hydrocodone Bitartrate and Acetaminophen
925,000236017,0,morphine sulfate
926,576640176,0,HYDROCODONE BITARTRATE AND ACETAMINOPHEN
927,576640126,0,HYDROCODONE BITARTRATE AND ACETAMINOPHEN
928,576640170,0,HYDROCODONE BITARTRATE AND ACETAMINOPHEN
929,576640187,0,oxycodone hydrochloride
930,576640223,0,oxycodone hydrochloride
931,576640224,0,oxycodone hydrochloride
932,576640370,0,oxycodone hydrochloride
933,576640371,0,oxycodone hydrochloride
934,576640377,0,tramadol hydrochloride
935,576640537,0,TRAMADOL HYDROCHLORIDE AND ACETAMINOPHEN
936,000236018,0,morphine sulfate
937,000236019,0,morphine sulfate
938,578411300,0,naloxegol oxalate
939,578411301,0,naloxegol oxalate
940,000236022,0,Hydrocodone Bitartrate and Acetaminophen
941,581180176,1,Buprenorphine HCl
942,581180177,1,Buprenorphine HCl
943,581180319,0,TRAMADOL HYDROCHLORIDE
944,581180377,0,tramadol hydrochloride
945,581183156,1,Buprenorphine
946,581184484,0,acetaminophen and codeine phosphate
947,590110752,1,buprenorphine
948,590110420,0,oxycodone hydrochloride
949,590110430,0,oxycodone hydrochloride
950,590110440,0,oxycodone hydrochloride
951,590110460,0,oxycodone hydrochloride
952,590110480,0,oxycodone hydrochloride
953,590110523,0,naldemedine
954,590110750,1,buprenorphine
955,590110751,1,buprenorphine
956,590110757,1,buprenorphine
957,590110271,0,hydrocodone bitartrate
958,590110272,0,hydrocodone bitartrate
959,590110273,0,hydrocodone bitartrate
960,590110274,0,hydrocodone bitartrate
961,590110275,0,hydrocodone bitartrate
962,590110276,0,hydrocodone bitartrate
963,590110277,0,hydrocodone bitartrate
964,590110410,0,oxycodone hydrochloride
965,590110415,0,oxycodone hydrochloride
966,590110758,1,buprenorphine
967,593850026,1,buprenorphine hydrochloride
968,593850027,1,buprenorphine hydrochloride
969,593850041,0,naldemedine
970,593850012,1,buprenorphine and naloxone
971,593850014,1,buprenorphine and naloxone
972,593850016,1,buprenorphine and naloxone
973,593850021,1,buprenorphine hydrochloride
974,593850022,1,buprenorphine hydrochloride
975,593850023,1,buprenorphine hydrochloride
976,593850024,1,buprenorphine hydrochloride
977,593850025,1,buprenorphine hydrochloride
978,002282878,0,Oxycodone Hydrochloride
979,002282879,0,Oxycodone Hydrochloride
980,597410262,0,HYDROCODONE BITARTRATE AND HOMATROPINE METHYLBROMIDE
981,596300222,0,naldemedine
982,002283090,0,Morphine sulfate
983,002283091,0,Morphine sulfate
984,002283092,0,Morphine sulfate
985,002283154,1,Buprenorphine and Naloxone
986,002283093,0,Morphine sulfate
987,002283116,0,Morphine sulfate
988,002283117,0,Morphine sulfate
989,002283153,1,Buprenorphine
990,002283155,1,Buprenorphine and Naloxone
991,002283156,1,Buprenorphine
992,002283502,0,Morphine sulfate
993,002283501,0,Morphine sulfate
994,002283508,0,Morphine sulfate
995,002283503,0,Morphine sulfate
996,002283504,0,Morphine sulfate
997,002283505,0,Morphine sulfate
998,002283506,0,Morphine sulfate
999,002283507,0,Morphine sulfate
1000,002450412,0,Hydrocodone Bitartrate and Acetaminophen
1001,002450410,0,Hydrocodone Bitartrate and Acetaminophen
1002,002450411,0,Hydrocodone Bitartrate and Acetaminophen
1003,002284029,0,Oxycodone hydrochloride and Ibuprofen
1004,002284270,0,Morphine sulfate
1005,002284271,0,Morphine sulfate
1006,002284311,0,Morphine sulfate
1007,002284323,0,Morphine sulfate
1008,002284347,0,Morphine sulfate
1009,002542034,0,Hydrocodone Bitartrate and Acetaminophen
1010,002542035,0,Hydrocodone Bitartrate and Acetaminophen
1011,002542036,0,Hydrocodone Bitartrate and Acetaminophen
1012,605052644,0,Tramadol hydrochloride and acetaminophen
1013,605050813,1,Butorphanol Tartrate
1014,604290500,0,Tramadol hydrochloride and acetaminophen
1015,604290516,0,oxycodone hydrochloride
1016,604290517,0,oxycodone hydrochloride
1017,604290519,0,oxycodone hydrochloride
1018,604290520,0,oxycodone hydrochloride
1019,604290521,0,oxycodone hydrochloride
1020,604290583,0,tramadol hydrochloride extended-release tablets
1021,604290584,0,Tramadol Hydrochloride Extended-Release Tablets
1022,604290585,0,Tramadol Hydrochloride Extended-Release Tablets
1023,604290586,1,buprenorphine hydrochloride and naloxone hydrochloride
1024,604290587,1,buprenorphine hydrochloride and naloxone hydrochloride
1025,604290588,0,Tramadol Hydrochloride
1026,604290590,0,HYDROCODONE BITARTRATE AND ACETAMINOPHEN
1027,604290591,0,HYDROCODONE BITARTRATE AND ACETAMINOPHEN
1028,604290592,0,HYDROCODONE BITARTRATE AND ACETAMINOPHEN
1029,604320245,0,acetaminophen and codeine phosphate
1030,604320455,0,hydrocodone bitartrate and homatropine methylbromide
1031,604320606,0,promethazine hydrochloride and codeine phosphate
1032,604320706,0,oxycodone hydrochloride
1033,605057006,0,FENTANYL
1034,605057087,0,FENTANYL
1035,605057080,0,FENTANYL
1036,605057081,0,FENTANYL
1037,605057082,0,FENTANYL
1038,605057083,0,FENTANYL
1039,605057084,0,FENTANYL
1040,605057085,0,FENTANYL
1041,605057086,0,FENTANYL
1042,605057007,0,FENTANYL
1043,605057008,0,FENTANYL
1044,605057009,0,FENTANYL
1045,605057010,0,FENTANYL
1046,605057011,0,FENTANYL
1047,605057012,0,FENTANYL
1048,605057013,0,FENTANYL
1049,605057014,0,FENTANYL
1050,605057015,0,FENTANYL
1051,605057016,0,FENTANYL
1052,605057017,0,FENTANYL
1053,606870214,1,Methadone Hydrochloride
1054,606870229,0,Loperamide Hydrochloride
1055,606870396,0,Hydrocodone Bitartrate and Acetaminophen
1056,606870406,0,Oxycodone Hydrochloride
1057,606870407,0,Hydrocodone Bitartrate and Acetaminophen
1058,606870417,0,Hydrocodone Bitartrate and Acetaminophen
1059,606870418,0,Hydrocodone Bitartrate and Acetaminophen
1060,606870481,1,Buprenorphine
1061,606870492,1,Buprenorphine
1062,607600219,0,Hydrocodone Bitartrate and Acetaminophen
1063,607600220,0,Hydrocodone Bitartrate and Acetaminophen
1064,607600274,0,Oxycodone and Acetaminophen
1065,607600276,0,Oxycodone and Acetaminophen
1066,607600319,0,TRAMADOL HYDROCHLORIDE
1067,607600335,0,Tramadol Hydrochloride and Acetaminophen
1068,607600377,0,tramadol hydrochloride
1069,607600466,0,Acetaminophen and Codeine Phosphate
1070,607600622,0,Tramadol Hydrochloride
1071,608420051,0,naloxone hydrochloride
1072,609510602,0,Oxycodone and Acetaminophen
1073,609510700,0,Oxycodone and Acetaminophen
1074,609510701,0,Oxycodone and Acetaminophen
1075,609510712,0,Oxycodone and Acetaminophen
1076,675440002,0,acetaminophen and codeine phosphate
1077,675440003,0,acetaminophen and codeine phosphate
1078,674570198,0,Remifentanil Hydrochloride
1079,674570217,1,Methadone Hydrochloride
1080,674570292,0,naloxone hydrochloride
1081,674570299,0,naloxone hydrochloride
1082,674570599,0,naloxone hydrochloride
1083,674570645,0,naloxone hydrochloride
1084,674570912,0,Remifentanil Hydrochloride
1085,674570913,0,Remifentanil Hydrochloride
1086,674570914,0,Remifentanil Hydrochloride
1087,674570987,0,naloxone hydrochloride
1088,616210430,0,Sufentanil
1089,619190048,0,OXYCODONE HYDROCHLORIDE
1090,619190053,0,ACETAMINOPHEN AND CODEINE PHOSPHATE
1091,619190053,0,ACETAMINOPHEN AND CODEINE PHOSPHATE
1092,619190053,0,ACETAMINOPHEN AND CODEINE PHOSPHATE
1093,619190073,0,TRAMADOL HYDROCHLORIDE
1094,619190073,0,TRAMADOL HYDROCHLORIDE
1095,619190023,0,ACETAMINOPHEN AND CODEINE
1096,618740075,0,Eluxadoline
1097,618740100,0,Eluxadoline
1098,619190114,0,HYDROCODONE BITARTRATE AND ACETAMINOPHEN
1099,619190118,0,HYDROCODONE BITARTRATE
1100,619190156,0,HYDROCODONE BITARTRATE AND ACETAMINOPHEN
1101,619190208,0,HYRDROCODONE APAP
1102,619190208,0,HYRDROCODONE APAP
1103,619190208,0,HYRDROCODONE APAP
1104,619190229,0,TRAMADOL HYDROCHLORIDE
1105,619190230,0,TRAMADOL HYDROCHLORIDE AND ACETAMINOPHEN
1106,619190328,0,ACETAMINOPHEN AND CODEINE PHOSPHATE
1107,619190612,0,OXYCODONE AND ACETAMINOPHEN
1108,619190602,0,FENTANYL
1109,619190603,0,FENTANYL
1110,619190618,0,HYDROCODONE /APAP
1111,619190618,0,HYDROCODONE /APAP
1112,619190618,0,HYDROCODONE /APAP
1113,619190618,0,HYDROCODONE /APAP
1114,619190618,0,HYDROCODONE /APAP
1115,619190618,0,HYDROCODONE /APAP
1116,619190412,0,OXYCODONE APAP
1117,619190413,0,MORPHINE SULFATE
1118,619190432,0,OXYCODONE/APAP
1119,619190437,0,OXYCODONE AND ACETAMINOPHE
1120,619190444,0,OXYCODONE HYDROCHLORIDE
1121,619190452,0,HYDROCODONE BITARTRATE AND ACETAMINOPHEN
1122,619190452,0,HYDROCODONE BITARTRATE AND ACETAMINOPHEN
1123,619190484,0,ACETAMINOPHEN AND CODEINE
1124,619190484,0,ACETAMINOPHEN AND CODEINE
1125,619190484,0,ACETAMINOPHEN AND CODEINE
1126,619190494,0,HYDROCODONE BITARTRATE
1127,619190524,0,OXYCODONE/APAP
1128,619190659,0,OXYCODONE HCL
1129,619190670,1,METHADONE HYDROCHLORIDE
1130,619190670,1,METHADONE HYDROCHLORIDE
1131,619190671,0,OXYCODONE HCL
1132,619190818,0,TRAMADOL HCL
1133,619190820,0,OXYCODONE HYDROCHLORIDE
1134,619190820,0,OXYCODONE HYDROCHLORIDE
1135,619190821,0,OXYCODONE HYDROCHLORIDE
1136,619190821,0,OXYCODONE HYDROCHLORIDE
1137,619190828,0,HYDROCODONE BITARTRATE AND ACETAMINOPHEN
1138,619190828,0,HYDROCODONE BITARTRATE AND ACETAMINOPHEN
1139,619190828,0,HYDROCODONE BITARTRATE AND ACETAMINOPHEN
1140,619190835,0,Oxycodone/APAP
1141,619190905,0,ACETAMINOPHEN AND CODEINE
1142,619190871,0,OXYCODONE AND ACETAMINOPHEN
1143,619190871,0,OXYCODONE AND ACETAMINOPHEN
1144,619190871,0,OXYCODONE AND ACETAMINOPHEN
1145,619190892,0,TRAMADOL HYDROCHLORIDE
1146,619190893,0,TRAMADOL HYDROCHLORIDE
1147,619190895,0,TRAMADOL HYDROCHLORIDE
1148,619190966,0,MORPHINE SULFATE
1149,621750452,1,Buprenorphine and Naloxone
1150,621750458,1,Buprenorphine and Naloxone
1151,625420301,0,Hydrocodone Polistirex and Chlorpheniramine Polistirex
1152,625590151,0,Oxycodone Hydrochloride
1153,625590153,0,morphine tincture
1154,625590167,0,Oxycodone Hydrochloride
1155,625590170,0,Morphine Sulfate
1156,625590171,0,Morphine Sulfate
1157,627560459,1,Buprenorphine
1158,627560460,1,Buprenorphine
1159,627560969,1,Buprenorphine and Naloxone
1160,627560970,1,Buprenorphine and Naloxone
1161,631870062,0,Tramadol Hydrochloride
1162,631870063,0,Tramadol Hydrochloride
1163,631870084,0,Tramadol Hydrochloride and Acetaminophen
1164,631870112,0,Hydrocodone Bitartrate and Acetaminophen
1165,631870106,0,acetaminophen and codeine phosphate
1166,631870120,0,Hydrocodone Bitartrate and Acetaminophen
1167,631870137,0,Hydrocodone Bitartrate And Acetaminophen
1168,631870271,0,Promethazine Hydrochloride and Codeine Phosphate
1169,631870291,0,ACETAMINOPHEN and CODEINE PHOSPHATE
1170,631870375,0,Hydrocodone Bitartrate and Acetaminophen
1171,631870363,0,Oxycodone and Acetaminophen
1172,631870406,0,Oxycodone hydrochloride and Acetaminophen
1173,631870470,0,acetaminophen and codeine phosphate
1174,631870491,0,Acetaminophen and Codeine
1175,631870615,0,Tramadol Hydrochloride
1176,631870585,0,Tramadol Hydrochloride and Acetaminophen
1177,631870595,0,promethazine hydrochloride and codeine phosphate
1178,631870597,0,TRAMADOL HYDROCHLORIDE
1179,631870658,0,Hydrocodone Bitartrate and Acetaminophen
1180,631870705,0,"acetaminophen, caffeine, dihydrocodeine bitartrate"
1181,631870719,0,Oxycodone and Acetaminophen
1182,631870721,0,Oxycodone and Acetaminophen
1183,631870778,0,Hydrocodone Bitartrate and Acetaminophen
1184,631870815,0,Acetaminophen and Codeine Phosphate
1185,631870823,0,Oxycodone and Acetaminophen
1186,631870824,0,Oxycodone and Acetaminophen
1187,631870838,0,Hydrocodone Bitartrate and Acetaminophen
1188,633230454,0,Morphine Sulfate
1189,633230455,0,Morphine Sulfate
1190,633230458,0,Morphine Sulfate
1191,633230451,0,Morphine Sulfate
1192,633230452,0,Morphine Sulfate
1193,631870984,0,Oxycodone and Acetaminophen
1194,633040451,0,morphine sulfate
1195,633040450,0,morphine sulfate
1196,633040452,0,morphine sulfate
1197,633040453,0,morphine sulfate
1198,633040497,0,Hydrocodone Bitartrate and Acetaminophen
1199,633040506,0,pentazocine and naloxone
1200,633040561,0,Acetaminophen and Codeine Phosphate
1201,633040562,0,Acetaminophen and Codeine Phosphate
1202,633040758,0,morphine sulfate
1203,633230723,0,Remifentanil Hydrochloride
1204,633230723,0,Remifentanil Hydrochloride
1205,633230724,0,Remifentanil Hydrochloride
1206,633230725,0,Remifentanil Hydrochloride
1207,633230806,0,Fentanyl Citrate
1208,633230851,0,Hydromorphone Hydrochloride
1209,633230852,0,Hydromorphone Hydrochloride
1210,633230853,0,Hydromorphone Hydrochloride
1211,633230854,0,Hydromorphone Hydrochloride
1212,634590502,0,Fentanyl Citrate
1213,634590504,0,Fentanyl Citrate
1214,634590506,0,Fentanyl Citrate
1215,634590508,0,Fentanyl Citrate
1216,634590512,0,Fentanyl Citrate
1217,634590516,0,Fentanyl Citrate
1218,634590541,0,Fentanyl
1219,634590542,0,Fentanyl
1220,634590544,0,Fentanyl
1221,634590546,0,Fentanyl
1222,634590548,0,Fentanyl
1223,634810623,0,oxycodone hydrochloride and acetaminophen
1224,634810627,0,oxycodone hydrochloride and acetaminophen
1225,634810628,0,oxycodone hydrochloride and acetaminophen
1226,634810629,0,oxycodone hydrochloride and acetaminophen
1227,636291027,1,Methadone Hydrochloride
1228,636291046,0,Naltrexone Hydrochloride
1229,636291047,0,Naltrexone Hydrochloride
1230,636291091,0,morphine sulfate
1231,636291087,0,morphine sulfate
1232,636291088,0,morphine sulfate
1233,636291089,0,morphine sulfate
1234,636291090,0,morphine sulfate
1235,636291187,0,acetaminophen and codeine phosphate
1236,636291188,0,acetaminophen and codeine phosphate
1237,636291189,0,acetaminophen and codeine phosphate
1238,636291190,0,acetaminophen and codeine phosphate
1239,636291174,0,Oxycodone Hydrochloride
1240,636291177,0,hydrocodone bitartrate and acetaminophen
1241,636291179,0,hydrocodone bitartrate and acetaminophen
1242,636291180,0,hydrocodone bitartrate and acetaminophen
1243,636291181,0,hydrocodone bitartrate and acetaminophen
1244,636291183,0,hydrocodone bitartrate and acetaminophen
1245,636291184,0,hydrocodone bitartrate and acetaminophen
1246,636291185,0,acetaminophen and codeine phosphate
1247,636291186,0,acetaminophen and codeine phosphate
1248,636291494,0,Acetaminophen and Codeine Phosphate
1249,636298190,0,tramadol hydrochloride
1250,636298193,0,Loperamide Hydrochloride
1251,636294284,0,Hydromorphone Hydrochloride
1252,636294394,0,tramadol hydrochloride
1253,636294484,0,Morphine Sulfate
1254,636292947,0,Hydrocodone Bitartrate and Acetaminophen
1255,636292952,0,"Butalbital, Aspirin, Caffeine and Codeine Phosphate"
1256,636293406,0,Tramadol Hydrochloride and Acetaminophen
1257,636293789,0,Morphine Sulfate
1258,636293798,0,Hydromorphone Hydrochloride
1259,636294813,0,FENTANYL
1260,636294900,0,Tramadol Hydrochloride
1261,636297126,1,buprenorphine hydrochloride
1262,636294974,0,FENTANYL
1263,636294976,0,FENTANYL
1264,636295434,0,Hydrocodone Bitartrate and Acetaminophen
1265,636297668,0,Acetaminophen and Codeine Phosphate
1266,636297748,0,Oxycodone and Acetaminophen
1267,636297821,0,Hydrocodone Bitartrate and Acetaminophen
1268,636297822,0,Hydrocodone Bitartrate and Acetaminophen
1269,636297823,0,Hydrocodone Bitartrate and Acetaminophen
1270,636297824,0,Oxycodone and Acetaminophen
1271,636298319,0,TRAMADOL HYDROCHLORIDE
1272,636298323,0,TRAMADOL HYDROCHLORIDE
1273,636298324,0,TRAMADOL HYDROCHLORIDE
1274,637390466,0,NALBUPHINE HYDROCHLORIDE
1275,637390704,0,Hydrocodone Bitartrate And Acetaminophen
1276,637390709,0,Oxycodone and Acetaminophen
1277,643760640,0,"Hydrocodone Bitartrate, Acetaminophen"
1278,643760643,0,Hydrocodone Bitartrate and Acetaminophen
1279,643760648,0,Hydrocodone Bitartrate and Acetaminophen
1280,643760649,0,Hydrocodone Bitartrate and Acetaminophen
1281,648500402,0,Hydromorphone Hydrochloride
1282,648960699,0,Oxymorphone hydrochloride
1283,648960695,0,Oxymorphone hydrochloride
1284,648960696,0,Oxymorphone hydrochloride
1285,648960697,0,Oxymorphone hydrochloride
1286,648960698,0,Oxymorphone hydrochloride
1287,648500641,0,Acetaminophen and Codeine Phosphate
1288,648500642,0,Acetaminophen and Codeine Phosphate
1289,648500643,0,Acetaminophen and Codeine Phosphate
1290,648960700,0,Oxymorphone hydrochloride
1291,648960701,0,Oxymorphone hydrochloride
1292,649500342,0,Hydrocodone Bitartrate and Homatropine Methylbromide
1293,649500353,0,Oxycodone Hydrochloride
1294,649500354,0,Oxycodone Hydrochloride
1295,649500901,0,Oxycodone Hydrochloride
1296,004068380,0,MORPHINE SULFATE
1297,004068725,1,methadone hydrochloride
1298,004068390,0,MORPHINE SULFATE
1299,004068515,0,oxycodone hydrochloride
1300,004068530,0,oxycodone hydrochloride
1301,004068556,0,Oxycodone Hydrochloride
1302,004068557,0,Oxycodone Hydrochloride
1303,004062224,0,Levorphanol Tartrate
1304,004061923,1,Buprenorphine and Naloxone
1305,004061924,1,Buprenorphine and Naloxone
1306,004062540,1,METHADONE HYDROCHLORIDE
1307,004063243,0,hydromorphone hydrochloride
1308,718727009,0,Nalxone Hydrochloride
1309,004063249,0,hydromorphone hydrochloride
1310,004063244,0,hydromorphone hydrochloride
1311,718727018,0,Naloxone Hydrochloride
1312,004063308,0,Hydromorphone Hydrochloride
1313,004063312,0,Hydromorphone Hydrochloride
1314,718727114,0,NALBUPHINE HYDROCHLORIDE
1315,004063316,0,Hydromorphone Hydrochloride
1316,004063332,0,Hydromorphone Hydrochloride
1317,004068003,0,morphine sulfate
1318,004065755,1,METHADONE HYDROCHLORIDE
1319,004065771,1,METHADONE HYDROCHLORIDE
1320,004068005,1,Buprenorphine Hydrochloride and Naloxone Hydrochloride Dihydrate
1321,718727177,0,Naloxone Hydrochloride
1322,004068020,1,Buprenorphine Hydrochloride and Naloxone Hydrochloride Dihydrate
1323,004068315,0,MORPHINE SULFATE
1324,718727198,0,Naloxone Hydrochloride
1325,004068320,0,MORPHINE SULFATE
1326,718727215,0,NALOXONE HYDROCHLORIDE
1327,004068330,0,MORPHINE SULFATE
1328,000540517,0,Morphine Sulfate
1329,004069025,0,fentanyl transdermal
1330,004069000,0,fentanyl transdermal
1331,004069012,0,fentanyl transdermal
1332,004069112,0,fentanyl transdermal
1333,004069037,0,fentanyl transdermal
1334,004069050,0,fentanyl transdermal
1335,004069062,0,fentanyl transdermal
1336,004069075,0,fentanyl transdermal
1337,004069100,0,fentanyl transdermal
1338,004069204,0,FENTANYL CITRATE
1339,004069125,0,fentanyl transdermal
1340,004069150,0,fentanyl transdermal
1341,004069206,0,FENTANYL CITRATE
1342,004069175,0,fentanyl transdermal
1343,004069202,0,FENTANYL CITRATE
1344,004069208,0,FENTANYL CITRATE
1345,004069212,0,FENTANYL CITRATE
1346,004069216,0,FENTANYL CITRATE
1347,719300019,0,Hydrocodone Bitartrate and Acetaminophen
1348,719300020,0,Hydrocodone Bitartrate and Acetaminophen
1349,719300021,0,Hydrocodone Bitartrate and Acetaminophen
1350,719300022,0,Oxycodone Hydrochloride
1351,719300023,0,Oxycodone hydrochloride
1352,719300027,0,Hydrocodone Bitartrate and Acetaminophen
1353,719300042,0,hydrocodone bitartrate and acetaminophen
1354,719300043,0,hydrocodone bitartrate and acetaminophen
1355,719300044,0,hydrocodone bitartrate and acetaminophen
1356,719300045,0,oxycodone and acetaminophen
1357,719300046,0,oxycodone and acetaminophen
1358,719300047,0,oxycodone and acetaminophen
1359,719300054,0,acetaminophen and codeine phosphate
1360,719300055,0,acetaminophen and codeine phosphate
1361,719300056,0,acetaminophen and codeine phosphate
1362,719930300,0,"Acetaminophen, Caffeine and Dihydrocodeine Bitartrate"
1363,720220582,0,Oxycodone and Acetaminophen
1364,720220583,0,Oxycodone and Acetaminophen
1365,720220584,0,Oxycodone and Acetaminophen
1366,000540551,0,Oxycodone and Acetaminophen
1367,004091134,0,MORPHINE SULFATE
1368,004091135,0,MORPHINE SULFATE
1369,004091201,0,MEPERIDINE HYDROCHLORIDE
1370,004091176,0,MEPERIDINE HYDROCHLORIDE
1371,004091178,0,MEPERIDINE HYDROCHLORIDE
1372,004091179,0,MEPERIDINE HYDROCHLORIDE
1373,004091180,0,MEPERIDINE HYDROCHLORIDE
1374,004091181,0,MEPERIDINE HYDROCHLORIDE
1375,004091215,0,NALOXONE HYDROCHLORIDE
1376,004091203,0,MEPERIDINE HYDROCHLORIDE
1377,004091219,0,NALOXONE HYDROCHLORIDE
1378,004091255,0,MEPERIDINE HYDROCHLORIDE
1379,004091276,0,FENTANYL CITRATE
1380,004091304,0,HYDROMORPHONE HYDROCHLORIDE
1381,004091283,0,HYDROMORPHONE HYDROCHLORIDE
1382,004091312,0,HYDROMORPHONE HYDROCHLORIDE
1383,721890094,0,OXYCODONE HYDROCHLORIDE
1384,721890095,0,OXYCODONE HYDROCHLORIDE
1385,004091463,0,NALBUPHINE HYDROCHLORIDE
1386,004091463,0,NALBUPHINE HYDROCHLORIDE
1387,004091464,0,NALBUPHINE HYDROCHLORIDE
1388,004091465,0,NALBUPHINE HYDROCHLORIDE
1389,004091467,0,NALBUPHINE HYDROCHLORIDE
1390,004092012,1,Buprenorphine Hydrochloride
1391,004091623,1,Butorphanol Tartrate
1392,722450193,0,oxycodone and acetaminophen
1393,722450648,0,oxycodone hydrochloride and acetaminophen
1394,722450681,0,oxycodone and acetaminophen
1395,722450682,0,oxycodone and acetaminophen
1396,722450683,0,oxycodone and acetaminophen
1397,004091626,1,butorphanol tartrate
1398,004091626,1,Butorphanol Tartrate
1399,000540709,1,METHADONE HYDROCHLORIDE
1400,000540710,1,METHADONE HYDROCHLORIDE
1401,004091782,0,NALOXONE HYDROCHLORIDE
1402,004091892,0,MORPHINE SULFATE
1403,004091890,0,MORPHINE SULFATE
1404,004091891,0,MORPHINE SULFATE
1405,004091893,0,MORPHINE SULFATE
1406,004092266,0,Alfentanil Hydrochloride
1407,675440700,0,loperamide hydrochloride
1408,675440882,0,acetaminophen and codeine phosphate
1409,675440474,0,acetaminophen and codeine phosphate
1410,678770116,1,Methadone Hydrochloride
1411,678770623,0,Oxycodone
1412,678770625,0,Oxycodone
1413,679190020,0,alvimopan
1414,680250071,0,tramadol hydrochloride
1415,680250072,0,tramadol hydrochloride
1416,680250073,0,tramadol hydrochloride
1417,680470720,0,"Acetaminophen, Caffeine and Dihydrocodeine Bitartrate"
1418,680711671,0,TRAMADOL HYDROCHLORIDE
1419,680712156,0,Naltrexone Hydrochloride
1420,680711978,0,Tramadol Hydrochloride
1421,680712257,0,Loperamide Hydrochloride
1422,680713044,0,Tramadol Hydrochloride and Acetaminophen
1423,680713061,0,Acetaminophen and Codeine Phosphate
1424,680713100,0,Acetaminophen and Codeine Phosphate
1425,680714533,0,acetaminophen and codeine phosphate
1426,680714070,0,TRAMADOL HYDROCHLORIDE
1427,680714119,0,Tramadol Hydrochloride
1428,680714165,0,TRAMADOL HYDROCHLORIDE
1429,680714282,0,tramadol hydrochloride
1430,680714475,0,acetaminophen and codeine phosphate
1431,680714430,0,acetaminophen and codeine phosphate
1432,680715078,0,TRAMADOL HYDROCHLORIDE
1433,680715054,0,Oxycodone and Acetaminophen
1434,680715055,0,Oxycodone
1435,680714668,0,Acetaminophen and Codeine Phosphate
1436,680714673,0,Acetaminophen and Codeine Phosphate
1437,680714749,0,Acetaminophen and Codeine Phosphate
1438,680714801,0,Hydrocodone Bitartrate and Acetaminophen
1439,680714802,0,tramadol hydrochloride
1440,680714839,0,Oxycodone and Acetaminophen
1441,680714852,0,Oxycodone and Acetaminophen
1442,680714853,0,Hydrocodone Bitartrate and Acetaminophen
1443,680714941,0,Hydrocodone Bitartrate and Acetaminophen
1444,680715010,0,Acetaminophen and Codeine Phosphate
1445,680715025,0,Acetaminophen and Codeine Phosphate
1446,680715142,0,tramadol hydrochloride
1447,680715169,0,Oxycodone and Acetaminophen
1448,680715201,0,Hydrocodone Bitartrate and Acetaminophen
1449,680715204,0,tramadol hydrochloride
1450,680715261,0,TRAMADOL HYDROCHLORIDE
1451,680840372,0,Acetaminophen and Codeine Phosphate
1452,680840373,0,Acetaminophen and Codeine Phosphate
1453,680840423,0,HYDROmorphone Hydrochloride
1454,680840291,0,naltrexone hydrochloride
1455,680840354,0,OXYCODONE HYDROCHLORIDE
1456,680840355,0,Oxycodone and Acetaminophen
1457,680840472,0,HYDROmorphone Hydrochloride
1458,680840157,0,Morphine Sulfate
1459,680840158,0,Morphine Sulfate
1460,680840184,0,Oxycodone Hydrochloride
1461,680840185,0,Oxycodone Hydrochloride
1462,680840841,0,Hydrocodone Bitartrate and Ibuprofen
1463,680840699,0,Oxycodone and Acetaminophen
1464,680840710,0,Oxycodone and Acetaminophen
1465,680840738,1,METHADONE HYDROCHLORIDE
1466,680840808,0,Tramadol Hydrochloride
1467,680840825,0,Tramadol Hydrochloride and Acetaminophen
1468,680940001,0,Morphine Sulfate
1469,680840895,0,Hydrocodone Bitartrate and Acetaminophen
1470,680840968,0,OXYCODONE HYDROCHLORIDE
1471,680840975,0,OXYCODONE HYDROCHLORIDE
1472,680840983,0,OXYCODONE HYDROCHLORIDE
1473,680940005,0,Oxycodone Hydrochloride
1474,680940754,0,Morphine Sulfate
1475,680940801,0,Oxycodone Hydrochloride
1476,680940853,0,naltrexone Hydrochloride
1477,681800697,0,TRAMADOL HYDROCHLORIDE
1478,681800698,0,TRAMADOL HYDROCHLORIDE
1479,681800699,0,TRAMADOL HYDROCHLORIDE
1480,683080020,0,Oxycodone Hydrochloride
1481,683080145,0,Oxycodone Hydrochloride
1482,683080312,0,"Butalbital, Aspirin, Caffeine, and Codeine Phosphate"
1483,683080475,0,Oxycodone Hydrochloride and Acetaminophen
1484,683080480,0,Oxycodone Hydrochloride and Acetaminophen
1485,683080845,0,Oxycodone Hydrochloride and Aspirin
1486,683820319,0,TRAMADOL HYDROCHLORIDE
1487,683820334,0,Tramadol Hydrochloride and Acetaminophen
1488,683820793,0,OXYCODONE HYDROCHLORIDE
1489,683820794,0,OXYCODONE HYDROCHLORIDE
1490,683820795,0,OXYCODONE HYDROCHLORIDE
1491,683820796,0,OXYCODONE HYDROCHLORIDE
1492,683820797,0,OXYCODONE HYDROCHLORIDE
1493,683820903,0,MORPHINE SULFATE
1494,683820904,0,MORPHINE SULFATE
1495,683820905,0,MORPHINE SULFATE
1496,683820906,0,MORPHINE SULFATE
1497,683820907,0,MORPHINE SULFATE
1498,684620800,1,Methadone Hydrochloride
1499,684620801,1,Methadone Hydrochloride
1500,684620204,0,Oxycodone Hydrochloride
1501,684620347,0,Oxycodone Hydrochloride
1502,687887652,0,tramadol hydrochloride and acetaminophen
1503,687887712,0,TRAMADOL HYDROCHLORIDE AND ACETAMINOPHEN
1504,687887321,0,tramadol hydrochloride
1505,687887284,0,tramadol hydrochloride
1506,687887601,0,TRAMADOL HYDROCHLORIDE
1507,687887762,0,TRAMADOL HYDROCHLORIDE
1508,687887763,0,TRAMADOL HYDROCHLORIDE
1509,687889229,0,Acetaminophen and Codeine Phosphate
1510,687889300,0,Acetaminophen and Codeine Phosphate
1511,687889895,0,Promethazine Hydrochloride and Codeine Phosphate
1512,687889968,0,Tramadol Hydrochloride and Acetaminophen
1513,691010600,0,HYDROCODONE BITARTRATE and ACETAMINOPHEN
1514,692381202,1,Buprenorphine
1515,692381203,1,Buprenorphine
1516,692381204,1,Buprenorphine
1517,692381205,1,Buprenorphine
1518,692381505,1,Buprenorphine
1519,692381993,0,"Butalbital, Aspirin, Caffeine and Codeine Phosphate"
1520,693440111,0,morphine sulfate
1521,693440113,0,OXYCODONE HYDROCHLORIDE
1522,693440211,0,morphine sulfate
1523,693440213,0,OXYCODONE HYDROCHLORIDE
1524,693440311,0,morphine sulfate
1525,695430136,0,TRAMADOL HYDROCHLORIDE
1526,695430412,0,Levorphanol Tartrate
1527,695430417,0,Levorphanol Tartrate
1528,695470212,0,naloxone hydrochloride
1529,695470353,0,Naloxone Hydrochloride
1530,698440049,0,TRAMADOL HCL AND ACETAMINOPHEN
1531,698650210,0,tapentadol hydrochloride
1532,698650220,0,tapentadol hydrochloride
1533,698650230,0,tapentadol hydrochloride
1534,698650240,0,tapentadol hydrochloride
1535,698650245,0,tapentadol hydrochloride
1536,698650250,0,tapentadol hydrochloride
1537,698650260,0,tapentadol hydrochloride
1538,698650265,0,tapentadol hydrochloride
1539,700690071,0,Naloxone Hydrochloride
1540,700690072,0,Naloxone Hydrochloride
1541,703620730,0,"acetaminophen, caffeine and dihydrocodeine bitartrate"
1542,701660250,0,hydromorphone hydrochloride
1543,701660284,1,Methadone Hydrochloride
1544,701660101,0,Morphine Sulfate
1545,701660555,0,promethazine hydrochloride and codeine phosphate
1546,705180212,0,Acetaminophen and Codeine Phosphate
1547,705180258,0,tramadol hydrochloride
1548,705180313,0,loperamide hydrochloride
1549,704080185,0,promethazine hydrochloride and codeine phosphate
1550,704080358,0,Morphine Sulfate Oral Solution
1551,704080359,0,Morphine Sulfate
1552,704080746,0,Morphine Sulfate
1553,705180891,0,tramadol hydrochloride
1554,705180893,0,loperamide hydrochloride
1555,705180942,0,TRAMADOL HYDROCHLORIDE
1556,705181007,1,Buprenorphine and Naloxone
1557,705181146,0,Naltrexone Hydrochloride
1558,705180711,1,Buprenorphine
1559,705180886,0,TRAMADOL HYDROCHLORIDE
1560,705181312,0,naltrexone hydrochloride
1561,705181557,1,Buprenorphine
1562,705181592,0,Acetaminophen and Codeine Phosphate
1563,705181625,1,Buprenorphine
1564,705181672,0,Tramadol Hydrochloride and Acetaminophen
1565,705181684,1,Buprenorphine and Naloxone
1566,000540176,1,Buprenorphine HCl
1567,000540177,1,Buprenorphine HCl
1568,705182005,0,Tramadol Hydrochloride
1569,705182014,1,Buprenorphine HCl
1570,000540188,1,buprenorphine hydrochloride and naloxone hydrochloride dihydrate
1571,705182218,1,BUPRENORPHINE
1572,705182226,1,Buprenorphine HCl
1573,000540189,1,buprenorphine hydrochloride and naloxone hydrochloride dihydrate
1574,705182216,1,buprenorphine hydrochloride
1575,705182217,1,BUPRENORPHINE
1576,705182311,1,Buprenorphine and Naloxone
1577,705182327,1,Buprenorphine and Naloxone
1578,003782100,0,loperamide hydrochloride
1579,705182628,0,acetaminophen and codeine phosphate
1580,705182718,0,NALTREXONE HYDROCHLORIDE
1581,705182725,0,Naloxone Hydrochloride
1582,705182780,0,Naloxone Hydrochloride
1583,705182784,0,TRAMADOL HYDROCHLORIDE AND ACETAMINOPHEN
1584,705182764,0,acetaminophen and codeine phosphate
1585,705182795,0,TRAMADOL HYDROCHLORIDE
1586,707000105,0,Oxycodone and Acetaminophen
1587,000540235,0,Morphine Sulfate
1588,705690152,0,"acetaminophen, caffeine and dihydrocodeine bitartrate"
1589,000540243,0,codeine sulfate
1590,000540236,0,Morphine Sulfate
1591,707101327,0,Oxycodone and Acetaminophen
1592,707101328,0,Oxycodone and Acetaminophen
1593,707101329,0,Oxycodone and Acetaminophen
1594,707101330,0,Oxycodone and Acetaminophen
1595,000540237,0,Morphine Sulfate
1596,000540238,0,Morphine Sulfate
1597,000540244,0,codeine sulfate
1598,000540245,0,codeine sulfate
1599,003784152,0,tramadol hydrochloride
1600,003784151,0,tramadol hydrochloride
1601,003784153,0,tramadol hydrochloride
1602,003784154,0,tramadol hydrochloride
1603,709340531,0,tramadol hydrochloride
1604,709340546,0,Loperamide Hydrochloride
1605,709340555,0,Hydrocodone Bitartrate and Acetaminophen
1606,000540264,0,hydromorphone hydrochloride
1607,000540265,0,hydromorphone hydrochloride
1608,709340461,0,tramadol hydrochloride
1609,000540283,0,oxymorphone hydrochloride
1610,712050001,0,Acetaminophen and Codeine Phosphate
1611,712050066,0,TRAMADOL HYDROCHLORIDE
1612,000540284,0,oxymorphone hydrochloride
1613,712050303,0,tramadol hydrochloride
1614,712050389,0,TRAMADOL HYDROCHLORIDE
1615,712050329,0,Oxycodone and Acetaminophen
1616,712050347,0,Oxycodone and Acetaminophen
1617,712050463,0,TRAMADOL HYDROCHLORIDE
1618,712050468,0,TRAMADOL HYDROCHLORIDE
1619,712690040,0,codeine phosphate and chlorpheniramine maleate
1620,713350014,0,Naltrexone Hydrochloride
1621,713350063,0,HYDROCODONE BITARTRATE AND ACETAMINOPHEN
1622,713350104,0,Hydrocodone Bitartrate and Ibuprofen
1623,713350111,0,Tramadol Hydrochloride and Acetaminophen
1624,713350115,0,OXYCODONE HYDROCHLORIDE
1625,713350146,0,Oxycodone and Acetaminophen
1626,713350151,0,TRAMADOL HYDROCHLORIDE AND ACETAMINOPHEN
1627,713350233,0,Hydromorphone Hydrochloride
1628,713350239,0,Morphine sulfate
1629,713350174,0,OXYCODONE HYDROCHLORIDE
1630,713350193,0,Oxycodone and Acetaminophen
1631,713350194,0,"Butalbital, Acetaminophen, Caffeine and Codeine Phosphate"
1632,713350209,0,OXYCODONE HYDROCHLORIDE
1633,713350216,0,Oxycodone and Acetaminophen
1634,713350229,0,hydromorphone hydrochloride
1635,713350256,0,Acetaminophen and Codeine Phosphate
1636,713350265,0,Hydromorphone Hydrochloride
1637,713350316,0,Oxycodone and Acetaminophen
1638,713350303,0,Hydromorphone Hydrochloride
1639,713350336,0,Acetaminophen and Codeine Phosphate
1640,713350353,1,Buprenorphine
1641,713350376,0,FENTANYL
1642,713350385,0,HYDROCODONE BITARTRATE AND ACETAMINOPHEN
1643,713350466,0,Hydrocodone Bitartrate and Acetaminophen
1644,713350493,1,Methadone Hydrochloride
1645,713350521,0,tramadol hydrochloride
1646,713350545,0,Acetaminophen and Codeine
1647,713350605,0,Morphine sulfate
1648,003788088,0,tramadol hydrochloride and acetaminophen
1649,713350619,0,Tramadol Hydrochloride and Acetaminophen
1650,713350628,0,Morphine sulfate
1651,713350981,0,Oxycodone
1652,713351036,0,Oxycodone and Acetaminophen
1653,713351003,0,TRAMADOL HYDROCHLORIDE
1654,713351009,0,Oxycodone Hydrochloride
1655,713351023,0,Oxycodone
1656,003788765,1,Buprenorphine and Naloxone
1657,003788766,1,Buprenorphine and Naloxone
1658,713350707,0,morphine sulfate
1659,713350653,0,"Butalbital, Acetaminophen, Caffeine, and Codeine Phosphate"
1660,713350676,0,morphine sulfate
1661,713350677,0,Oxycodone
1662,713350701,0,Acetaminophen and Codeine Phosphate
1663,713350722,0,Oxycodone and Acetaminophen
1664,713350723,0,HYDROMORPHONE HYDROCHLORIDE
1665,713350735,1,Methadone Hydrochloride
1666,713350736,0,morphine sulfate
1667,713350759,0,hydromorphone hydrochloride
1668,713350887,0,HYDROMORPHONE HYDROCHLORIDE
1669,713350950,1,BUPRENORPHINE
1670,713350960,0,Hydrocodone Bitartrate and Acetaminophen
1671,713351420,0,Oxycodone and Acetaminophen
1672,713351413,0,Oxycodone Hydrochloride
1673,713351414,0,Oxycodone Hydrochloride
1674,713351417,0,Hydrocodone Bitartrate and Acetaminophen
1675,713351418,0,Hydrocodone Bitartrate and Acetaminophen
1676,713351419,0,Hydrocodone Bitartrate and Acetaminophen
1677,713351360,1,Methadone Hydrochloride
1678,713351361,0,Oxycodone Hydrochloride
1679,003789639,1,butorphanol tartrate
1680,713351378,1,Buprenorphine and Naloxone
1681,713351421,0,Oxycodone Hydrochloride
1682,713351403,0,FENTANYL
1683,713351404,0,FENTANYL
1684,000540390,0,oxycodone hydrochloride
1685,713351422,0,Oxycodone Hydrochloride
1686,713351444,0,Hydrocodone Bitartrate and Acetaminophen
1687,713351154,1,BUPRENORPHINE
1688,713351106,1,METHADONE HYDROCHLORIDE
1689,713351101,0,Oxycodone
1690,003788767,1,buprenorphine and naloxone
1691,713351070,0,Oxycodone and Acetaminophen
1692,713351080,0,Oxycodone
1693,003788768,1,buprenorphine and naloxone
1694,000540386,0,hydromorphone hydrochloride
1695,713351216,0,Oxycodone and Acetaminophen
1696,713351163,1,Buprenorphine HCl
1697,713351224,0,FENTANYL
1698,713351227,0,FENTANYL
1699,003789119,0,FENTANYL
1700,713351228,0,FENTANYL
1701,003789121,0,FENTANYL
1702,713351245,0,OXYCODONE HYDROCHLORIDE
1703,713351248,0,Hydrocodone Bitartrate and Acetaminophen
1704,003789122,0,FENTANYL
1705,003789125,0,FENTANYL
1706,713351260,0,FENTANYL
1707,003789123,0,FENTANYL
1708,713351271,0,Hydrocodone Bitartrate and Acetaminophen
1709,003789124,0,FENTANYL
1710,713351296,1,Buprenorphine and Naloxone
1711,003789126,0,FENTANYL
1712,003789127,0,FENTANYL
1713,713351319,0,tramadol hydrochloride
1714,713351339,0,Hydrocodone Bitartrate and Acetaminophen
1715,713351472,0,Oxycodone and Acetaminophen
1716,713351473,0,Oxycodone and Acetaminophen
1717,713351480,0,naltrexone hydrochloride
1718,713351470,0,Hydrocodone Bitartrate and Acetaminophen
1719,713351492,0,Oxycodone and Acetaminophen
1720,713351498,0,TRAMADOL HYDROCHLORIDE
1721,713351514,1,Buprenorphine and Naloxone
1722,713351522,0,acetaminophen and codeine phosphate
1723,000540391,1,Methadone Hydrochloride
1724,713351557,0,Hydrocodone Bitartrate and Acetaminophen
1725,713351569,0,Loperamide Hydrochloride
1726,000540392,1,Methadone Hydrochloride
1727,713351653,1,buprenorphine hydrochloride and naloxone hydrochloride dihydrate
1728,713351675,0,TRAMADOL HYDROCHLORIDE
1729,713351676,0,TRAMADOL HYDROCHLORIDE
1730,716100111,0,acetaminophen and codeine phosphate
1731,000540404,0,Morphine Sulfate
1732,715000110,0,fentanyl
1733,715000130,0,fentanyl
1734,715000140,0,fentanyl
1735,715110301,0,tramadol hydrochloride
1736,716100006,0,Tramadol Hydrochloride
1737,716100392,0,Tramadol Hydrochloride
1738,716100398,0,TRAMADOL HYDROCHLORIDE
1739,004061510,1,Methadone Hydrochloride
1740,004060123,0,HYDROCODONE BITARTRATE AND ACETAMINOPHEN
1741,004060376,0,Hydrocodone Bitartrate and Acetaminophen
1742,004060124,0,HYDROCODONE BITARTRATE AND ACETAMINOPHEN
1743,004060125,0,HYDROCODONE BITARTRATE AND ACETAMINOPHEN
1744,004060377,0,Hydrocodone Bitartrate and Acetaminophen
1745,004060485,0,acetaminophen and codeine phosphate
1746,004060378,0,Hydrocodone Bitartrate and Acetaminophen
1747,004060483,0,acetaminophen and codeine phosphate
1748,004060484,0,acetaminophen and codeine phosphate
1749,004060552,0,oxycodone hydrochloride
1750,004060512,0,oxycodone hydrochloride and acetaminophen
1751,004060522,0,oxycodone hydrochloride and acetaminophen
1752,004060523,0,oxycodone hydrochloride and acetaminophen
1753,004060527,1,methadone hydrochloride
1754,004060540,1,Methadone Hydrochloride
1755,004061170,0,naltrexone hydrochloride
1756,004061009,0,Oxymorphone Hydrochloride
1757,004061010,0,Oxymorphone Hydrochloride
